Receiver_ID,Name,Type,City,Contact
1,Donald Gomez,Shelter,Port Carlburgh,(955)922-5295
2,Laurie Ramos,Individual,Lewisburgh,761.042.1570
3,Ashley Mckee,Ngo,South Randalltown,691-023-0094X856
4,Erika Rose,Ngo,South Shaneville,8296491111
5,John Romero,Individual,Bakerport,067.491.0154
6,Mandy Sutton Phd,Shelter,East Sharimouth,682-777-5357
7,Kenneth Baker,Ngo,South Edwinborough,126-645-6386X4071
8,James Perez,Charity,Benjaminburgh,+1-986-748-6688
9,Emily Turner,Shelter,West Robert,001-631-022-6157X520
10,Mary Salazar,Ngo,Wrightland,001-187-333-7518X11395
11,Amber Pacheco,Individual,South Gregorymouth,+1-155-960-7276
12,Jennifer Bishop,Ngo,Katherineside,+1-801-363-6355X49805
13,Jamie Sutton,Shelter,Lake Matthewstad,001-176-847-8920X2687
14,Brian Fischer,Shelter,Burkeside,947-041-3246X326
15,Donald Kelly,Ngo,Port Ronald,(935)798-5303
16,Elizabeth Lewis,Ngo,Port Tara,500.386.3867X7565
17,Melissa Castillo,Ngo,Silvaport,(699)232-9544
18,Lisa Williams,Ngo,Moranhaven,360-505-5780X95688
19,Courtney Sanders,Ngo,North Cynthiaberg,001-083-754-0501
20,George Palmer,Ngo,Sandrahaven,744.838.6083
21,Emily Davidson,Ngo,Jonesside,001-893-473-0769X51510
22,Kristina Meza,Shelter,Lake Nicole,+1-125-160-0319
23,Kurt Ward,Individual,Aliciabury,479-035-9976X19919
24,Tammy Moore,Individual,Monicafort,721.105.5278
25,Lisa Mcclain,Ngo,Lake Elizabeth,292-153-9082X59361
26,Kimberly Lindsey,Charity,Port Matthewmouth,+1-979-511-1434X565
27,Johnny Page,Ngo,Susanfurt,251.922.2940
28,Mary Franklin,Individual,Courtneyfurt,001-046-188-9986X12178
29,Nicholas Robinson,Ngo,Lake Kendra,930-104-8973X8326
30,Bruce Sanchez,Shelter,North Heather,598.459.1819X6171
31,Rose Powell,Ngo,Spencermouth,247-152-7297X648
32,Audrey Perez,Individual,Taylorfort,637-025-7736
33,Anita Kerr,Ngo,Walshfort,(568)992-9509
34,Megan Alvarez,Individual,North Robert,6244329386
35,James Castaneda,Shelter,South Rachaelhaven,932-277-2945X55052
36,Teresa Davis,Charity,Olsonville,001-737-507-3051X34768
37,Angel Adams,Shelter,West Erik,+1-785-849-9596X994
38,Alexander Mullins,Charity,Josephview,(248)481-7680
39,John Ramirez,Shelter,Moorechester,(859)701-8773
40,Abigail Davis,Individual,West Carrie,(307)825-3197
41,Julia Elliott,Shelter,Port Kellyburgh,+1-613-882-6551X33036
42,Maria Jacobs,Ngo,Port Dawntown,(225)019-8954
43,Bobby Perry,Charity,Amberfort,(020)628-9733X57055
44,Andrew Lawson,Shelter,Davisborough,622.566.7870
45,Derek Potter,Charity,South Laurachester,497-372-7517X026
46,Kevin Lee,Charity,East Teresahaven,354.253.8089
47,Taylor Dean,Shelter,Moorechester,297-100-5658
48,Jennifer Graham,Individual,East Saraport,001-979-746-0394X487
49,Gabriel Nicholson,Charity,South Tonyaborough,030-052-3339X1285
50,Brian Gonzales,Ngo,North Sarah,001-241-438-2803X907
51,Timothy Clark,Charity,Port Johnchester,217-662-1143X941
52,Cheryl Dillon,Ngo,Hornemouth,350.146.1578
53,Cassandra Owens,Shelter,Tomburgh,001-813-193-7735X105
54,Veronica Howard,Ngo,Higginsmouth,(517)632-2362X07333
55,Erika Rodriguez,Shelter,Larastad,001-732-132-0041X81457
56,Deborah Smith,Individual,Jasonshire,996.039.4276X36961
57,Christopher Lozano,Individual,New Mary,217-827-0862
58,Julia Madden,Shelter,Michaelton,(321)207-8844
59,Alicia Thomas,Charity,Lake Mary,(604)320-0347X3019
60,Jessica Rivas,Ngo,Phillipborough,351-783-1595X022
61,John Vazquez,Charity,South Kathleenbury,(237)065-6422X5123
62,Nichole Lewis,Ngo,North Catherinefurt,777-445-5269X5255
63,David Turner,Charity,East William,4456052297
64,Debra Sheppard,Shelter,North Darinshire,001-726-678-1689
65,Cody Gardner,Ngo,Port Belinda,(565)395-0421X232
66,Jade Jackson,Individual,West Jaclyn,098-158-2253X172
67,Rodney Walker,Shelter,Strongshire,001-833-385-7777X5891
68,Wesley Thompson,Charity,Edwardburgh,+1-901-255-2891X97537
69,Scott Brown,Ngo,East Dylan,302-197-9398X95559
70,Carolyn Whitaker,Individual,Gregoryville,6651783261
71,Timothy Daniel,Charity,New Gloriaburgh,001-562-181-9662X9861
72,Charles Davidson,Shelter,West Angelatown,+1-294-698-2957
73,Kimberly Mills,Ngo,Christineton,288-821-5439
74,Patricia Smith,Ngo,Laurafurt,(220)453-5600
75,Nicholas Smith,Charity,Manningtown,+1-605-970-1115
76,Anna Lopez,Individual,North Jenniferside,001-805-624-5306
77,Juan Spencer,Individual,North David,+1-144-242-7963X89583
78,Aaron Davis,Shelter,Marshallton,231.082.0755
79,Meagan Ramirez,Charity,Angelaville,001-671-666-7691X55556
80,Eric Jackson,Individual,Knightburgh,7326023388
81,Theresa Ramirez,Ngo,Port Gregoryport,+1-582-895-7478X325
82,Laura Bennett,Ngo,Evansside,(379)719-1693X40160
83,Julie Hines,Ngo,Davidview,143-601-6545X48405
84,Deanna Lewis,Ngo,East Kelli,0938550061
85,Jeffery Mueller,Charity,Lake John,3024932900
86,Jessica Grant,Charity,Smithshire,601.132.1809X716
87,Tammy Walker Md,Charity,West Ronaldland,(982)044-7177
88,Eric Ryan Dds,Ngo,Lake Daniel,001-677-794-6847X02126
89,Mr. David Lambert,Individual,Robinsonside,(929)841-1999
90,Alvin West,Shelter,Kellybury,(417)314-8724
91,Ashley James,Charity,Garrettborough,192-784-7581X225
92,Bridget Peterson,Ngo,Greenton,(509)037-6331X927
93,Allison Bray,Individual,Alexatown,001-122-277-3588
94,Timothy Patel Dvm,Charity,New Jessica,+1-046-832-9667X841
95,Anthony Green,Ngo,Laurafort,001-706-024-9230X5313
96,Michael Walls,Individual,Carterside,650-930-7741
97,Nathan May,Charity,South Veronicaburgh,(808)784-9354
98,Brian Cowan,Individual,Henryhaven,(234)142-1265X21005
99,Nancy Silva,Individual,Russellville,929.221.3591X105
100,Melissa Little,Ngo,Robertaborough,(250)263-7746X235
101,Nicole Reid,Shelter,Hollytown,808.564.6895
102,Daniel Burton,Individual,North Matthewhaven,972.284.4190X487
103,Karen Cruz,Individual,West Justin,(500)583-5978
104,Victor Reyes,Charity,North Joshuafort,+1-411-230-8872X5335
105,Trevor Wilson,Ngo,North Pamela,001-651-719-1403X4050
106,David Johnson,Individual,Lake Rebecca,035-019-0294
107,Jessica Morris,Ngo,Port Elizabethton,(137)776-1761
108,Suzanne Dawson,Ngo,East Josephstad,+1-682-159-2143X3841
109,Rachel Nguyen,Ngo,Theresamouth,(040)545-2043
110,Karla Castillo,Ngo,Lake Michaelton,192-811-2685X97518
111,Deanna Flores,Ngo,West Johnny,6692949581
112,Brady Lopez,Individual,Michaeltown,831.275.5906X807
113,Jonathan Young,Shelter,Georgeborough,164-864-1786X77029
114,John Chase,Ngo,Meganton,530.424.6470X4854
115,Anthony Carter,Shelter,Scottmouth,(499)726-7360
116,Mark Lee,Individual,Port Teresa,001-983-757-6830X086
117,Kelly Pierce,Shelter,East Heatherborough,517.232.1717
118,Matthew Tran,Charity,South Franciscoport,583.144.1560X457
119,Jasmine Robertson,Individual,Deanview,001-388-078-6769X4237
120,Matthew Ramos,Shelter,Kennethberg,(503)563-9703X9449
121,Gavin Freeman,Ngo,Ayalamouth,7826814168
122,Drew Cline,Ngo,Port Patriciachester,517-828-7715
123,Teresa Williams,Charity,South Alexandraport,(673)228-8829X64732
124,Marie Andrade,Charity,Meghanfort,314-096-2823
125,Tammy Smith,Individual,Campbellchester,001-668-537-1925X410
126,Heather Brown,Ngo,North Lori,(836)116-1365X8718
127,Hayden Hill,Ngo,North Roger,1431125754
128,Sarah Carter,Charity,New Benjamin,001-513-018-5852
129,Denise Martinez,Charity,Drakeburgh,(463)887-8557X617
130,Matthew Hughes,Charity,Marieview,468-431-4471
131,Shawn Mills,Charity,Jeffhaven,+1-951-192-1790
132,Katherine Gomez,Charity,South Jasonberg,(609)802-2108X3673
133,Robert Johnson,Ngo,West James,301-749-5770
134,Emily Christian,Individual,Marcusberg,(724)629-2189X533
135,Jeanne Spencer,Shelter,Huntermouth,987-474-6001X775
136,Katherine Murphy,Ngo,New Elaine,0675064790
137,James Jones,Ngo,Bakerfort,1224216342
138,Christina Potter,Ngo,Phillipsbury,+1-366-144-4542X657
139,Charles Martin,Ngo,New Christopher,(586)009-0817X964
140,Kristin Scott,Shelter,North Christina,598.905.9117
141,Christine Gray,Individual,Dawnview,001-466-538-0401
142,Melody Good,Ngo,Wilsonfort,8802732716
143,Amanda Hendricks,Shelter,Nancyshire,009.494.1313
144,Jennifer Nelson,Individual,North Paul,(613)802-7241X644
145,David Hull,Shelter,Tanyachester,139.804.6633
146,John Cummings,Individual,Joshuamouth,1344646051
147,Sara Wise,Ngo,New Shannonbury,086-773-6881X8590
148,Robert Simon,Ngo,North Amandafort,(172)646-7107X977
149,Nathan Willis,Ngo,Danielfort,830.318.9696X322
150,Kelly Howe,Charity,Davidmouth,096.059.3098X621
151,Lisa Eaton,Shelter,New Aimeemouth,342.869.6733
152,Jasmine Miranda,Individual,Caseyland,913.509.4800X3395
153,Jason Holmes,Individual,Williamtown,+1-865-533-0612X9768
154,Thomas Johnson,Shelter,Lake Victoriaport,6267945876
155,Christopher Kennedy,Shelter,Patriciaton,509-179-8044
156,Corey Mitchell,Charity,Jacobsmouth,001-392-115-8557X9367
157,Jason Davis,Individual,Charleston,523-114-6883
158,Gregory Murphy,Individual,South Ashley,(090)319-2480
159,Angela Cortez,Ngo,Lisaton,+1-685-216-4851X71780
160,Tracy Hartman,Charity,South Jill,+1-947-203-9101
161,Mary Nguyen,Charity,Mcclurestad,+1-453-182-2743X789
162,Douglas Baxter,Individual,Amandaville,+1-139-598-2308X18363
163,Jennifer Anderson,Charity,Daleshire,+1-073-375-4139
164,Aaron Scott,Charity,Heatherfurt,(075)863-3168X28937
165,Danielle Bailey,Shelter,East Sarahtown,(326)806-0927X09574
166,Danielle Willis,Charity,Ginamouth,870.458.3747X34840
167,Erica Fox,Charity,West Shawn,001-029-918-8786X2118
168,Kayla Johnson,Shelter,East Timhaven,786.534.5065
169,Jon Stanton,Charity,Nguyenfurt,467-723-2786X8881
170,Adam Browning,Charity,Port Erica,196.596.9067
171,Suzanne Velasquez,Ngo,Joanchester,(305)672-4633X961
172,Nicole Brown,Charity,Thomaston,216-121-6760
173,Jason Moore,Ngo,West Courtneyport,913.468.5154X18139
174,Matthew Johnson,Individual,Smithstad,285.859.0597
175,Stephanie Hoffman,Individual,New Tiffany,(972)598-5363X199
176,Brendan Farley,Ngo,Nicoleport,376.330.3007
177,Tonya Lucas,Ngo,Robertsonchester,+1-913-542-6523X9521
178,Deanna Jarvis,Shelter,Port Emilymouth,(799)565-8611
179,Adam Hodge,Charity,West Krystalview,+1-163-751-5462X947
180,Michelle Cook,Shelter,Peterhaven,(412)902-4858
181,Paul Evans,Ngo,Smithshire,3222400397
182,Troy Miller,Charity,Seanside,8901485867
183,Nicole Walker,Individual,Thomasland,001-617-475-6913X02561
184,Matthew Sanchez,Individual,Port Melissa,001-715-920-1622X23981
185,Shannon Pineda,Individual,Lake Amanda,129-249-0893X786
186,John Massey,Shelter,Heathertown,4995907798
187,Amy Thomas,Shelter,Lake Erica,+1-215-295-0597X4795
188,Tina Ingram,Charity,Angelicatown,+1-967-134-3646X12054
189,Stephen Smith,Individual,Maxberg,(690)326-1349X605
190,Maria Jackson,Charity,North Shelby,016.041.6963X060
191,Brent Anderson,Shelter,New Seanburgh,2254787600
192,Rhonda King,Individual,Toddborough,367-958-5492
193,Jesse Brown,Charity,Figueroaport,001-481-425-0706X82893
194,Alan Campbell,Ngo,Shawmouth,(942)807-0793X71978
195,John Martin,Charity,New Jason,581-174-6644X358
196,Tara Bauer,Charity,Port Dustin,(709)935-2878
197,Deanna James,Shelter,East Tinamouth,839-100-6940X3681
198,Scott Anderson,Individual,East Teresamouth,733.296.8887
199,Ashley Rivers,Individual,East Sharon,+1-988-051-2193X6577
200,Nicole Williams,Ngo,East Jillian,+1-785-780-7784X633
201,Calvin Lucas,Individual,Corybury,4177309502
202,Veronica Coleman,Ngo,North Mario,(096)512-5528X76619
203,Vincent Matthews,Shelter,Allenmouth,0335998576
204,Rachel Thomas,Individual,North Lindachester,(417)873-5848X16786
205,Kimberly Wilkins,Charity,West Casey,3783162949
206,Ashley Brooks,Individual,Ramseystad,428.820.9314
207,Nicholas Holloway,Shelter,South Kendraville,719-821-9201
208,Michael Flores,Charity,Andrewmouth,+1-972-682-8043X628
209,Gina Payne,Individual,Steveberg,(960)884-6634X1029
210,Tara Mcmahon,Ngo,South Anna,283-528-8473
211,Judy Griffith,Charity,Baileyville,+1-255-391-6382X12809
212,Ronald Gonzalez,Shelter,Stevenmouth,+1-946-378-3210X0415
213,Kelly Barber,Ngo,Emilymouth,259-420-4088X04690
214,Corey Rodriguez,Ngo,New Roseville,+1-866-544-7425X907
215,Mr. Matthew Johnson Dds,Charity,Port Stephen,1733110659
216,Morgan Massey,Charity,West Amybury,929-286-6902
217,Kelsey Holloway Dds,Charity,Ashleyborough,(300)705-1978X78749
218,Corey Lamb,Charity,New Daniel,882-893-9920
219,Alex Rogers,Charity,Lake Austinmouth,+1-017-613-1019
220,Cassandra Mendoza,Ngo,Dantown,2612673922
221,Rebecca Goodman,Shelter,Robinsonland,(392)221-8538X523
222,Stephanie Jones,Shelter,West Aaronport,001-029-940-1111
223,David Henderson,Charity,Hallside,(976)946-9613
224,Franklin Kelley,Charity,East Jacob,2077678809
225,Joseph Bowman,Ngo,West Jessica,001-363-434-2847X24463
226,Daniel Kerr,Charity,Fergusonton,(548)955-9384X8406
227,Samuel Hodge,Ngo,Port Maria,302-463-7516
228,Joanna Wilkins,Charity,Singletonview,(796)888-1488
229,Tina Watkins,Shelter,Bushview,7774795306
230,Nathaniel Moreno,Ngo,Poolestad,(816)818-9063X631
231,Christopher Barrett,Charity,Port Brianville,+1-099-740-1254X66035
232,David Smith,Charity,Davidshire,106.465.7709
233,Alicia Porter,Charity,Port Ericmouth,001-652-614-2884X66578
234,Keith Atkinson,Charity,Lake Julia,686-968-4161X069
235,Megan Freeman,Ngo,Rogerburgh,+1-510-274-6183X0559
236,Duane Burnett,Charity,New Derek,001-590-114-4533X323
237,Cathy Adams,Shelter,West Josephshire,269-061-4726
238,Kendra Krause,Ngo,Davisburgh,(450)032-0502
239,Lindsay Garcia,Ngo,North Kimberlyport,0722151225
240,Ronald Miller,Shelter,Edwardsside,0180633263
241,Elizabeth Dunn,Charity,Wilsonfurt,(069)221-0114
242,Matthew Pearson,Ngo,Garciaview,6212235497
243,Alexis Smith,Ngo,West Vickie,001-272-079-3939X93350
244,Jason Ramos,Shelter,Carolhaven,146.014.0992X777
245,Rebecca Sanchez,Shelter,New Craig,586-413-7361
246,Kristi Wagner,Shelter,Lake Darrellburgh,264-255-1562
247,John Mitchell,Charity,Aaronshire,001-095-184-7835
248,Victoria Lee,Charity,New Abigail,979-786-2359X15290
249,Zachary Lewis,Charity,Lake Kelli,0318694632
250,Jamie Ferguson,Charity,Jenniferberg,001-052-150-4048X243
251,Sarah Hodges,Ngo,Martinland,001-016-163-1445
252,Angela Dunlap,Individual,New Julian,854.203.2129
253,Adam Pittman,Ngo,West Christiantown,455.915.1588X8706
254,Felicia Wilkinson,Shelter,Williamsfort,4034230469
255,Walter Myers,Individual,New Tina,+1-285-278-8381X0454
256,Derek Wilson,Individual,Christopherland,+1-963-859-7585X002
257,David Bryant,Shelter,South Amy,434-290-3119X1927
258,Scott Grant,Individual,Port Samantha,001-691-849-8860X97955
259,Aimee Stone,Ngo,Barnesport,104-394-7041X83013
260,Patricia White,Charity,Lake Jessicaborough,(434)635-4716X587
261,Maria Lang,Ngo,East Moniquemouth,(795)261-1223X445
262,Autumn Reed,Ngo,East John,+1-001-202-0048
263,Ann Mcclure,Shelter,West Johnmouth,335.776.9231
264,Sandra Townsend Dvm,Ngo,West Kelly,+1-135-886-0842X42924
265,Rebecca May,Individual,Murrayview,(783)144-3726
266,Stacy Mayo,Shelter,Bauerton,+1-364-925-2936X855
267,Randall Robbins,Shelter,Dylanton,+1-382-112-6000
268,Steven Morton Jr.,Shelter,Kellybury,(884)503-7406
269,Mrs. Paula Jones,Individual,Emilymouth,(935)377-2742X36543
270,Darlene Fernandez,Shelter,Monicaton,0792874429
271,Mark Hartman,Individual,East Ashleyshire,818-015-1582
272,Walter Carter,Shelter,Brianchester,(170)734-4123X02001
273,Jonathan Soto,Charity,Autumnbury,247-993-8111X9057
274,Robin Ross,Individual,East Williamborough,(780)754-0093
275,Michael Johnson,Individual,Longmouth,081.042.8712
276,Scott Hunter,Individual,Greenton,074.305.5053X60975
277,Austin Jones,Charity,Brandonside,(601)474-8397X472
278,Jay Roberts,Shelter,West Christopher,(435)815-1380X935
279,Angela Wyatt,Charity,Port Jessica,592.913.1646X3179
280,Jesse Miller,Shelter,Port Samanthamouth,142.076.4130X9854
281,Mrs. Kristin Adams Dds,Charity,Lake Christychester,073-764-3235
282,Lisa Pitts,Shelter,Lake Stephenport,001-709-342-3522
283,Edward Cook,Charity,Isaiahtown,990-534-5202X158
284,Beth Sanchez,Ngo,Dustinfurt,896.737.8178X2821
285,Derrick Curtis,Ngo,Stephaniechester,140-095-1639X5596
286,Travis Hughes,Shelter,Castilloland,(905)976-6704X97813
287,Jennifer Johnson,Charity,Burnettton,7970971389
288,Christopher Larsen,Ngo,Susanview,146-422-6270
289,Nathan Reynolds,Shelter,Lake Tina,0295226591
290,Karen Brennan,Shelter,Hannahside,6935324960
291,Dawn Thompson,Charity,North Josephland,141.973.6585
292,Mrs. Emily Smith Dvm,Ngo,Shermantown,(348)542-4932X868
293,Randy Roach,Charity,East Bryan,888-534-4534
294,Cynthia Horton,Ngo,Jamesstad,535.576.5970X774
295,Joseph Williams,Individual,East Dale,001-112-513-9413
296,Pamela Santos,Shelter,Lake Michael,865.186.5350X045
297,Deanna Daniels,Individual,Aguilarstad,001-436-929-2288
298,Robert Burke,Ngo,Marksmouth,995.297.8023X0932
299,Michael Curtis,Shelter,Alexanderbury,+1-523-687-8881X66849
300,Jeanne Benjamin,Ngo,North Alexander,595.000.7971X3446
301,Kristina Simpson,Ngo,Melissaport,3752453906
302,Daniel Moore,Charity,Port Richard,176-809-8232X828
303,Joseph Davis,Ngo,Millerport,779.802.6319X67760
304,Jennifer Ayala,Ngo,Edwardshaven,(929)015-8411X75681
305,Brendan Vargas,Ngo,Kellyville,981.660.6741X707
306,Donna Williams,Charity,Calebview,083-313-0990X09518
307,Logan Becker,Charity,North Patriciamouth,+1-226-239-1432
308,Robin Pena,Ngo,Cynthiashire,691-775-8145
309,Bryan Smith,Individual,New Julia,001-127-550-6441X5817
310,Gary Adams,Individual,New Sara,001-323-823-4026X61837
311,Tina Jackson,Charity,Geraldchester,103-002-5677
312,Pamela Morales,Ngo,Schaeferfort,(791)624-2530X9708
313,David Marsh,Shelter,North Kimberlyfort,(498)526-5768X31348
314,Kelsey Smith,Shelter,Haleymouth,(764)989-3036X77897
315,Anthony Harris,Individual,West Aaronberg,811-306-2805
316,Jacob Montoya,Ngo,Meganmouth,609.858.6366X85166
317,Martha Flores,Ngo,Lake Glenview,568.426.0750
318,Michael Carter,Charity,Danielborough,+1-149-468-9647X5327
319,Donald Bender,Charity,Andersenfort,(262)899-6349X569
320,Carmen Barker,Shelter,North Williamview,001-151-284-3163
321,Wanda Wise,Shelter,South Bethanyport,(940)028-0493X49472
322,Stephanie Mathews,Shelter,North Ashleymouth,+1-852-242-7762X49312
323,Linda Banks,Individual,New Sarahmouth,323-540-9403X92583
324,Kristine Martin,Ngo,Thompsonhaven,444.954.4127X16438
325,Lawrence Owens,Individual,South Amybury,+1-565-748-7655
326,Douglas Jacobs,Ngo,East Gina,819-072-2490X353
327,Aaron Keller,Shelter,Melissaview,799.568.0302
328,Carlos Lawrence,Individual,New Justinhaven,272.580.3538
329,Christine Patterson,Individual,Edwardfort,001-270-907-0981X5520
330,Kimberly Hamilton,Individual,North Bruce,398-486-8232X9944
331,Shane Stein,Individual,Reidton,(086)799-6277X14274
332,Raymond Harris,Charity,Hammondfort,173.185.2783
333,Gabriel Vargas,Charity,Chaseview,001-343-254-2598
334,Gina Wu Dds,Shelter,Lake Melindaside,(484)350-0946
335,Deborah Sexton,Shelter,Victoriastad,899-936-4720X6569
336,Laura Marshall,Charity,East Lisafurt,+1-389-167-7916X81453
337,Jennifer Schmidt,Individual,South Michelleshire,007-561-4094X27296
338,Patrick Zimmerman,Shelter,Thomasberg,(913)638-9318X024
339,Dustin Johnson,Individual,Gomezmouth,001-171-995-2815X84366
340,John Baxter,Ngo,New William,894-441-9136X66913
341,Anna Buckley,Individual,Murphyfort,421.281.9097X013
342,Kristina Vargas,Charity,Lake Rebeccaton,364.779.6707X066
343,Roberto Stanley,Shelter,Melindaview,(273)299-4177X0763
344,Barbara Velasquez,Charity,Priceborough,(669)247-4183
345,Eric Ramos,Individual,Rushfurt,515.928.1587X32812
346,Mr. Mark Knight Dvm,Charity,East Joseph,757-796-7872X2411
347,Michael Keller,Individual,New Derek,(000)572-1246X444
348,Donna Hughes,Individual,Maryfort,352-520-3779X375
349,Gwendolyn Johnson,Individual,West James,649.714.9926
350,Sylvia Stanley,Shelter,Jenniferbury,065-230-0281
351,Kerry Jones,Charity,New Christopher,725-779-5651
352,Cody Martin,Individual,Angelamouth,(239)678-6580X09652
353,Mrs. Stacey Morales Md,Individual,Juliastad,866.050.9817
354,Kimberly Nelson,Charity,Lake Lesliemouth,(009)475-3945
355,Brian Hoffman,Shelter,Lake Dillonborough,(718)753-5421X7242
356,Brian Cherry,Charity,Swansonport,+1-673-372-2010
357,Jacob Orozco,Individual,West Jeffrey,787-834-8225
358,Brian Davis,Charity,Williamsfort,(750)646-5852
359,Travis Walker,Ngo,West Dan,(843)905-0785
360,Tammy Boone,Shelter,New Christopher,301.713.7646X501
361,Samuel Lewis,Individual,North Nicole,001-381-807-5033X358
362,Elizabeth Collins,Shelter,Johnland,(601)532-8275X383
363,Stephanie West,Charity,North Jamesfurt,001-794-254-5542
364,Keith Gray,Charity,New Corey,001-297-087-3713X91812
365,Melissa Green,Shelter,South John,621.698.0426X1205
366,Tony Holmes,Ngo,Jaredport,623.131.4040X0485
367,Ricardo Roberts,Individual,West Matthewborough,(371)857-1738X24461
368,Debra Murray,Ngo,Duncanchester,566-832-5437
369,Sherry Hall,Ngo,Davidmouth,256-166-3623X2267
370,Tara Johns,Individual,Paulmouth,374.171.5991X58449
371,William Frederick,Ngo,Port Dean,001-228-551-9866
372,Harold Bowen,Charity,South Barbaraburgh,732.692.1653X04238
373,Seth Esparza,Shelter,Port Brandonberg,2597616873
374,Ricky Walker,Individual,Port Johnstad,001-066-700-7862X511
375,Melissa Smith,Shelter,Lake Stevenburgh,+1-616-230-5539
376,John Reeves,Ngo,Jamieview,+1-050-306-9244X20943
377,Patrick Campbell,Ngo,Leeton,7058064686
378,Brandi Buckley,Shelter,Lawrencechester,518-742-2945X12087
379,Tara Graham,Shelter,Lake Cory,617.869.7697
380,Heather Silva,Charity,Lake Ryan,1340826530
381,Yvette Huffman,Charity,Reevestown,8398518386
382,Patricia Stevens,Shelter,Perezport,001-628-479-0049X980
383,Melissa Kennedy,Individual,West Tina,(129)335-4916X24644
384,Anthony Guerra,Charity,North Michelle,102.222.7070X5313
385,William Barnes,Shelter,Kellyfurt,(257)241-0749X262
386,Mary Hopkins,Individual,Tiffanyport,001-476-350-8465X7500
387,Michael Proctor,Charity,Lisafurt,(119)549-4969
388,Nicole Mueller,Charity,Rachelberg,241-269-1178
389,Kelly Buchanan,Charity,Lake Jonathanchester,106-927-5178X0789
390,Victor Crawford,Ngo,New Brandonton,+1-389-087-5252X62752
391,Regina Munoz,Ngo,Lake Clinton,585.955.3149
392,Tracy Douglas,Ngo,Gordonstad,+1-084-522-8932X8580
393,Dana Simmons,Shelter,West Jorge,005-720-2323X75794
394,Kyle Kerr,Charity,Sarahville,(065)853-7158X4157
395,Joseph Davis,Charity,Sherryhaven,426-870-2757X6102
396,Allison Martinez,Ngo,New Amy,(945)511-1142X655
397,Mr. Robert Rivera Ii,Individual,Bergerport,+1-470-154-5478X4289
398,Alex White,Charity,Port Carmen,(226)363-8449
399,Jennifer Hughes,Charity,West Donnaton,001-147-430-1204X8556
400,John Byrd,Shelter,West Randall,(219)313-6702X212
401,Leslie Acevedo,Charity,Lake Matthew,(028)737-3556X89803
402,Nicholas Mosley Md,Individual,North Manuel,+1-759-332-7128
403,John Collins,Shelter,New Deborahville,001-237-766-3335
404,Marissa Fischer,Shelter,New Kevin,(454)463-8142X8597
405,David Evans,Shelter,Chambersmouth,(316)221-9715
406,Ashley Martinez,Ngo,Lake Crystal,151-521-2736
407,Arthur Thomas,Charity,Clarkhaven,001-797-615-8560X7849
408,Jennifer Mccoy,Individual,Morganville,(430)171-1148X1808
409,Matthew Simmons Phd,Shelter,Brandonhaven,001-040-668-4559X58950
410,Betty Reid,Charity,North Abigail,001-526-626-7117X20926
411,Eric Kaiser,Shelter,West Mikayla,001-493-969-0455X844
412,David Carney,Ngo,Port Dianemouth,001-710-732-1565X428
413,Dennis Schultz,Ngo,New Natalieland,(348)049-0216
414,Dr. Matthew Hughes Dds,Ngo,Christopherchester,+1-126-714-2290X91321
415,Kevin Blair,Individual,Lake Laurenburgh,(887)033-5757X4595
416,Ernest Cox,Shelter,Christinaland,(061)462-4166
417,Justin Santos,Ngo,Rayfurt,953.221.6291X3146
418,Miss Mary Turner,Charity,North Holly,899-330-2450
419,Teresa Jackson,Shelter,Port Thomasstad,001-620-115-6715X07034
420,Susan Green,Charity,Josephborough,+1-716-778-7428X09975
421,Jonathan Copeland,Shelter,Jonathanview,836.048.1897X257
422,Tina Bean,Charity,South Tyler,001-877-090-0264X425
423,Christine Bell,Individual,South Edwardburgh,(172)033-3196X74489
424,Pamela Harris,Charity,Lewisfort,320-562-3060
425,Robert Chavez,Ngo,Chadport,(886)049-9104X019
426,Jose Rivas,Shelter,Rosaleschester,001-411-455-9848X386
427,Toni Johnson,Ngo,Lake Steven,(045)229-8601
428,Elizabeth Galvan,Ngo,Lake Karen,+1-896-018-1230
429,Daniel Williams,Shelter,Russellburgh,2886093038
430,April Johnson,Ngo,Pagemouth,(540)486-0312
431,Mr. Gregory Thompson,Charity,East Douglas,725.348.5813X15130
432,Julie Brown,Ngo,East Melissaport,(544)200-6673X39918
433,Michael Dunn,Individual,Lake Kyleside,001-263-994-2712
434,Jason Alvarez,Ngo,South Connorview,(107)164-5994
435,Whitney Evans,Shelter,Martinezside,001-355-911-9659
436,Jacqueline Turner,Ngo,Robertsport,937.841.8251
437,Lindsey Lewis,Shelter,West Rogerview,001-610-209-8312
438,Jane Davis,Individual,Lake Joshuaville,001-480-554-8487X778
439,Erika Lopez,Shelter,North Margarethaven,117.027.1702
440,Alexander Walsh,Individual,Troyshire,001-443-638-7858X7009
441,Cynthia Johnson,Charity,West Cherylland,716.098.0270X507
442,Natasha Harper,Ngo,Port Sara,(474)763-3272X81635
443,Brittany Anderson,Individual,Port Michaelmouth,610-921-4134X12104
444,Michael Simmons,Individual,Coreymouth,427-237-3480X5364
445,Christopher Williams,Ngo,North Kathryn,(304)550-4023X26262
446,Eric Mays,Ngo,Port Deborahbury,555-698-7496X465
447,Erika West,Individual,Mikemouth,409.663.4270X89860
448,Nicholas Harrison,Shelter,New Timothymouth,0155752106
449,Mrs. Valerie Hartman,Ngo,Port Jenniferborough,1271218776
450,Russell Smith,Charity,New Rebecca,+1-581-575-6141X390
451,Marcus Gregory,Shelter,Hollyside,(452)490-4054X2105
452,Tina Banks,Charity,Port Judith,986-535-7620
453,Kristen Alvarado,Ngo,Davidport,001-965-776-9092X06414
454,Steven Griffin,Ngo,Cruzborough,511.595.0189
455,Jennifer Kennedy,Individual,Port Deborah,9581893095
456,Rodney Perkins,Charity,Lake Christina,2914238876
457,Ryan Cole,Charity,Sandratown,001-477-548-6956X3901
458,Michael Vargas,Charity,East Andrewhaven,(932)466-1933X7047
459,Brandon Riley,Ngo,Powerston,742-364-6134
460,Karen Stafford,Shelter,West Justinberg,(040)774-3704
461,Tonya Lewis,Ngo,Edwardport,9693197491
462,Timothy Martin,Charity,Lake Adriennechester,0686804383
463,Frank Jackson,Charity,North Jeffreychester,441.504.6385X08595
464,Richard Parsons,Shelter,Bushbury,+1-781-993-1106X42127
465,Makayla Davis,Shelter,Chrisport,282.929.9573
466,Christine Ashley,Individual,South William,(067)618-4352X8380
467,Nathan Gonzales,Charity,East Daniel,543.908.4807X329
468,David Castro,Shelter,Heatherhaven,701.529.8611X3352
469,Steven Martinez,Individual,Johnsonberg,(772)398-6224
470,Edwin Osborne,Ngo,North Robinville,160-605-7945
471,David Fuentes,Ngo,North Kimberlyland,767.966.0659X378
472,Brian Hill,Charity,Port Dominique,001-468-666-0994X3200
473,Justin Powell,Shelter,Port Sarah,001-823-112-3947X46965
474,Christine Lawrence,Charity,Bobbyfort,(936)378-6017
475,Kim Gamble,Individual,East Ginafort,(076)275-8691
476,Jennifer Baker,Shelter,Castilloshire,+1-340-509-3899X3380
477,Jorge Young,Shelter,Lake Rebeccaton,208.678.3432
478,Benjamin Wilson,Ngo,West Aliciaburgh,(522)862-6624
479,Karen Reeves Md,Ngo,Lake Mitchellbury,365-174-3809
480,Michael Roberson,Ngo,South Davidstad,821.945.1712X4447
481,Heather Brown,Shelter,New Michaelport,001-137-622-5038X219
482,Timothy Garrett,Ngo,Andersonview,9075323328
483,Emily Sandoval,Charity,Port Gregory,076-207-0611
484,Mary Harrington,Shelter,Port Jason,(773)159-6013X005
485,Debbie Cox,Charity,Christopherchester,001-858-989-1478X60960
486,Ronald Brown,Shelter,New Dustin,(768)201-4672
487,Micheal Peterson,Ngo,West Jeffreyfurt,094.330.4095
488,Patrick Jenkins,Charity,West Richard,(117)098-8608X39905
489,Erin Foster,Charity,Jessicatown,104-981-9543X8798
490,Tiffany Smith,Ngo,Port Brandon,150.954.1064X502
491,Molly Edwards,Charity,Rodriguezborough,3469124779
492,Julie Lewis,Ngo,South Steven,(557)352-3497X4606
493,Chelsea Powell,Charity,Lake Rachelburgh,001-527-059-4168X72504
494,Timothy Chavez,Individual,Brooksmouth,(939)046-4362X26066
495,Andrea Meyer,Individual,Christophertown,001-579-575-4238X796
496,Kristina Park,Charity,Langburgh,001-608-542-0101
497,Miss Jamie Gonzalez Dds,Charity,Proctorville,(011)132-1619X1390
498,Dennis Ford,Charity,Port Derekland,560-838-8104
499,Ricky Harmon,Individual,Port Chaseport,817.399.8610X569
500,Richard Patterson,Charity,Huynhmouth,1091960030
501,William Davila,Individual,Gilbertborough,632-044-8155
502,Carly Austin,Charity,Connerland,588.696.9694X7636
503,Eileen Scott,Charity,Lewismouth,(834)331-4178X57771
504,Michael Williams,Shelter,Matthewhaven,001-511-204-6271
505,Alexandra Owens,Ngo,Bradleyland,927.996.1259
506,Mrs. Kim Blackwell,Ngo,Port Margaretport,(978)017-2536
507,Destiny Maldonado,Charity,Carlosfurt,264-754-6432X2877
508,Kimberly Wilson,Individual,Susanville,9903662975
509,Drew Edwards,Charity,Huffmouth,+1-910-217-0650X58040
510,Jeremy Christensen,Individual,Ashleyborough,678-777-3829
511,Kimberly Cox,Ngo,Lake Gloria,628-904-6503
512,Anne Stone,Shelter,Pittsville,(468)482-9531X7575
513,Dr. Ryan Gilbert,Individual,Sarahaven,527.386.4611X5297
514,Ashley Bell,Shelter,Olsonland,+1-733-905-4924X97502
515,Misty Downs,Ngo,Robertview,064.359.6470
516,Gary Myers,Shelter,Turnerhaven,001-669-919-8102
517,Taylor Wolfe,Individual,New Travisland,516.367.4140
518,Katrina Smith,Ngo,Stephanieberg,577.112.9949X6527
519,Elizabeth Salazar,Shelter,Paynestad,(655)147-4123X411
520,Alexandra Jones,Ngo,Lisaborough,925.839.2741
521,David Robinson,Ngo,Carolinebury,+1-225-576-9253
522,Veronica Robinson,Ngo,East Cynthiahaven,(108)881-7279
523,William Fox,Ngo,Port Angelafurt,228-002-6281
524,Tiffany Rodriguez,Charity,Ramirezhaven,+1-976-624-2718X90881
525,Michael Dixon,Charity,Rebeccaview,579.632.5450X933
526,Brian Morales,Ngo,Darinland,409-939-7232X9674
527,Kelli Fuentes,Ngo,East Peter,001-579-200-2768X448
528,Alexander Dean,Charity,New Robert,+1-291-500-3349X3774
529,Amy Perez,Charity,West Jacquelineland,001-692-634-3701X202
530,Lindsay Yates,Individual,Diazshire,+1-988-586-7568X1040
531,Alexandra Rogers,Charity,Paulaburgh,911-326-3274X85954
532,David Sellers Dvm,Individual,South Michaelfurt,492.321.3443
533,Joseph Knapp,Shelter,New Michael,117.096.9114
534,Megan Miller,Individual,Anthonyport,252.665.5472
535,Jane Avila,Shelter,Christinahaven,0329872893
536,Margaret Lloyd,Shelter,Phillipston,+1-551-266-7292X92504
537,Earl Eaton,Shelter,Port Michaelport,0764237778
538,Ronald Norton,Individual,Carterton,+1-311-060-5846X0735
539,Jessica Lee,Ngo,Vasquezberg,129.597.1071
540,Cristina Curtis,Individual,East Davidbury,504-722-0994
541,Amy Brown,Ngo,Shelbyland,752.956.3208X04024
542,Savannah Neal,Individual,Ashleeside,(750)257-4736X9555
543,Brenda Green,Charity,Jacobmouth,001-344-515-4579X388
544,Matthew Wright,Ngo,Port Traci,001-782-074-4708
545,Peter Allen,Individual,Port Kristinechester,+1-487-877-1518
546,Meagan Hughes,Charity,Lake Lance,(109)364-9434
547,James Kennedy,Charity,South Donaldshire,543.901.8742X48816
548,Gary Andrews,Ngo,Gonzalezstad,+1-115-368-3340
549,Trevor Lam,Ngo,New Alexismouth,726-277-0665
550,Shawn Gibson,Individual,South Eric,001-268-793-0427X33000
551,Kyle Vega,Shelter,West Alexandra,+1-239-355-7045
552,Jeremiah Jones,Ngo,Shaneport,322.311.4182
553,Scott Proctor,Shelter,Adamland,(998)282-2315X7499
554,Margaret Mccullough,Charity,Ortizmouth,888-890-3956
555,Mary Lewis,Individual,Port Richard,+1-443-680-8966
556,James Wolfe,Ngo,Woodsfurt,(337)791-7990X5443
557,Andrea Mcdaniel,Ngo,Kingville,(938)395-0602X60948
558,Samantha Salinas,Charity,Rayberg,001-301-396-8153X96235
559,Randy Martinez,Shelter,Brownville,001-788-451-1379X961
560,Matthew Mendez,Shelter,South Meganland,+1-406-192-3141X20799
561,Andrea Morris,Ngo,Hallton,(151)391-8350X82191
562,Antonio Murphy,Ngo,West Kevin,+1-177-564-0300X9110
563,Brandon Johnson,Charity,Randyville,150.160.9543X250
564,Justin Smith,Individual,Pottertown,+1-588-874-3231
565,Brian Blankenship,Charity,East Jordanborough,+1-450-291-6223X9898
566,Michael Lewis,Individual,East Kimberlymouth,072-078-1249X988
567,Peggy Knight,Shelter,North Michaelville,293-241-7469X5110
568,Melissa Mclaughlin,Charity,Roberttown,671-908-7777X08364
569,Danny Randolph,Shelter,South Yolanda,029.011.8582
570,Anthony Cochran,Individual,Port Todd,+1-960-253-0828X4007
571,Lydia Phillips,Shelter,North Hollyland,(704)162-2429
572,Diana Blair,Shelter,Murrayside,001-632-774-3398X50003
573,William Clark,Shelter,Port Courtneyland,4689527647
574,Mr. William Hunt,Shelter,Barreratown,564.854.6978X7462
575,Jennifer Davila,Shelter,Hollandburgh,+1-401-371-8447X5866
576,Justin Lopez,Individual,East Stephenton,(526)153-8449X436
577,Thomas Burch,Charity,North Lori,3908825868
578,Larry Bradshaw,Ngo,Lake Cody,001-843-597-3151
579,Nancy Guerrero,Individual,South Elizabeth,(891)381-7696
580,Yesenia Solomon,Charity,Port Paulaton,7765870514
581,April Mcintosh,Charity,North Sherribury,925-387-5931X9388
582,Douglas Cook,Shelter,Hunterbury,872.454.8537
583,Sean Henderson,Ngo,Lake Gregory,553.326.4934X118
584,Austin Vance,Shelter,Whiteside,(074)087-1962X83029
585,Mark Lewis,Ngo,Lisaview,+1-894-554-0220X5777
586,Amy Barker,Shelter,North Nathanville,001-806-821-3010X5044
587,Jennifer Clark,Ngo,Spencermouth,+1-862-196-7109X9671
588,Laurie Alvarez,Shelter,North Raymond,(463)392-9887X42698
589,Nicole Williams,Ngo,West Richard,727.771.3700
590,Terry Fernandez,Shelter,Mooreburgh,506.052.7523X43392
591,Susan Clark,Ngo,Beckville,(020)435-7439
592,Michael Pennington,Charity,South Gabrielmouth,(905)420-9084
593,Douglas Mann Md,Ngo,North Lisaburgh,3180399487
594,Sheri Johnson,Shelter,North Christopher,253.920.0751
595,Courtney Whitney,Individual,West Mariashire,001-528-446-7897
596,Natalie Navarro,Shelter,West Carrieberg,001-433-742-6627X972
597,Willie Nichols,Charity,Jonesland,001-117-609-7351X313
598,Alexa Guerra,Ngo,Ariasbury,7691923865
599,Christopher Davis,Ngo,South Yvettestad,+1-496-952-5072X2056
600,Bruce Alexander,Individual,New Tammyhaven,376.501.2938
601,Peter Gonzalez,Shelter,Biancaton,(112)578-4601X9811
602,Paul Carter,Individual,Kinghaven,(108)002-5301X83445
603,Christina Caldwell,Shelter,New Christopherburgh,(457)874-5807X7325
604,Ashley Hall,Individual,Butlerborough,+1-547-344-3774
605,Tara Johnson,Ngo,East Nathan,9017973598
606,Jenna Bowen,Shelter,Nicoleside,(682)183-9790X650
607,Sean Wolf,Ngo,Mcfarlandhaven,(490)913-7034X400
608,Oscar Bauer,Charity,South Nicoleberg,001-874-507-6783
609,Brian Riddle,Shelter,Jenniferbury,1493189525
610,Jimmy Morton,Charity,New Carrie,001-721-348-0570X6158
611,Jeff Rivas,Charity,Mcdanielmouth,675.065.4290X4573
612,Meredith Griffin,Ngo,Patriciamouth,(330)818-7400
613,Renee Campbell,Shelter,North Tiffanyfort,199.375.0653X151
614,Peggy Parker,Shelter,South Waynefurt,(643)518-3066
615,Rachel Carson,Ngo,Robertside,001-910-852-2109X575
616,Christopher Wright,Shelter,New Kellytown,+1-631-074-8622X827
617,Justin Lee,Individual,Shelleyburgh,199.646.5303X65771
618,Samuel Mendez,Individual,Andersonland,(064)431-0381
619,Taylor Estrada,Ngo,Nguyenview,001-351-556-5960X359
620,Cassandra Foster,Individual,West Danielview,(283)047-5421X9049
621,David Jordan,Individual,Mendozabury,(705)816-8331X096
622,Gary Torres,Charity,Kimberlyview,(816)141-2613X8114
623,Phillip Rogers,Individual,Keithstad,626.554.6466X12045
624,Alvin Day Jr.,Ngo,East Heatherbury,722.127.8600
625,Paul Lee,Ngo,Stephenchester,+1-874-157-5024X3157
626,Theresa Gonzalez,Charity,Port David,050.568.6038X358
627,Beth Chavez,Shelter,East Nicole,+1-249-991-1004X0285
628,James Gardner,Ngo,Morenoborough,405.211.3183X136
629,Andrea Hansen,Ngo,Lake Mary,407.525.5651X8151
630,Sarah Ochoa,Charity,Vancebury,9182551669
631,Diana Fisher,Shelter,New Daryl,974.391.4500X152
632,Austin Smith,Ngo,North Marcusbury,219-381-8831X93973
633,Jay Higgins,Ngo,Perezhaven,880.990.8313
634,Jessica Watkins,Charity,Robertton,368.959.4075X9286
635,Lisa Marshall,Charity,Johnville,375.423.1187
636,Devon Burton,Charity,Blakehaven,907.108.9325X817
637,Benjamin Soto,Ngo,West Garretthaven,8693958395
638,Timothy Browning,Charity,Moralesfort,001-836-247-3024
639,Jeffrey Vaughan,Charity,Cameronfurt,129-365-7408X619
640,Joseph Smith,Ngo,Anthonystad,716-698-3766X7391
641,Robert Jones,Shelter,East Antoniobury,001-480-168-1124X978
642,Sarah Rose,Ngo,New Ryanmouth,247-388-0838X6557
643,Mary Morrow,Ngo,Melaniehaven,001-995-921-9720X7901
644,Deanna Brown Dds,Individual,Fowlerburgh,(695)147-4833
645,Steven Armstrong,Ngo,Robertfurt,2161559564
646,Maria Lee,Individual,West Juanchester,(433)729-7840
647,Christine Davis,Charity,Josephton,144.359.7605
648,Heather Stewart,Ngo,South Lucasview,518-936-4091X169
649,Cory Schmidt Md,Individual,Johnsonville,001-915-535-6309X779
650,Nicholas Peterson,Ngo,West Troyview,001-528-783-1533X9196
651,Rebecca Mcbride,Charity,Port Timothymouth,(159)421-4100X43055
652,Sandy Ward,Shelter,North Michael,+1-532-646-0437X1719
653,Jason Garcia,Shelter,Port Mariemouth,229-688-4610X87983
654,John Murray,Shelter,Fernandezberg,001-664-004-0117X5796
655,Lauren Golden,Ngo,Michealstad,(509)120-3093
656,Christopher Clark,Ngo,Port Peggyshire,+1-020-961-4423
657,Patricia Salas,Individual,Port Maryshire,569.514.7193
658,Frank Olson,Shelter,South Anthonyside,001-996-747-5678X5051
659,Elizabeth Stewart,Ngo,Kempstad,(659)731-0182X7759
660,James Hernandez Ii,Charity,Kenthaven,001-036-235-2960
661,Robert White,Charity,Petersonmouth,982.838.9359
662,Gabriel Harris,Individual,Port Shannonhaven,(853)034-2142X599
663,Michael English,Ngo,Lake Daniel,612.320.3740
664,Joseph Nelson,Individual,Phillipston,7800327079
665,Felicia Collier,Ngo,Toddstad,+1-113-202-4089X101
666,Meredith Hull,Ngo,Markfurt,575-879-8768X33505
667,Christine Beasley,Individual,Jensenland,(667)729-4034
668,Maria Singh,Ngo,Brandonhaven,+1-353-127-1876X477
669,Karen Cox,Charity,Davidland,791-759-9054X23904
670,Amber Hobbs,Ngo,Rogersfort,914.864.5127X8523
671,Cindy Green Phd,Ngo,Sharpfurt,6744184457
672,Janice Thornton,Charity,Allenmouth,(646)735-9177X4671
673,Shelly Castillo,Charity,Chenview,001-984-641-2359X15247
674,Stephen Harris,Charity,Port Seanshire,+1-163-880-7237X908
675,Robert Day,Ngo,Goodmanfort,001-284-742-4202X15864
676,John Williams,Charity,Brooksborough,(057)537-1761X52273
677,Joshua Rush,Charity,New Mark,602-694-4031X226
678,Joseph Johnson,Ngo,South Jasminechester,412.202.8352X6950
679,Alexis Rodriguez,Shelter,South Shirleymouth,(748)827-8108X926
680,James Lewis,Ngo,Richardton,001-151-287-1850
681,Becky Hernandez,Shelter,Jeanshire,001-950-510-9795X700
682,Paige Lewis,Shelter,Karenfort,(150)608-5231X697
683,Mark Williams,Ngo,Taylorport,001-520-963-8410
684,Kiara Martinez,Individual,Ellisborough,829-939-8804
685,Angela Knight,Individual,Port Joshua,491-330-2377X936
686,Spencer Roberts,Charity,East Sheenahaven,074-920-1029X14932
687,Danny Palmer,Ngo,North Erikhaven,+1-931-315-8378X838
688,Jeffrey Turner,Charity,East Tiffanyview,001-321-160-3094X50214
689,Michael Murphy,Ngo,Lake Sheilaland,+1-887-843-6402X64812
690,Jeffrey Knight,Individual,Wardshire,(207)794-8313
691,Brittany Williams,Individual,Christinehaven,078.314.8173X43041
692,Christopher Stokes,Individual,Joshuahaven,001-305-048-7931X49531
693,Carl Brewer,Individual,Nelsonbury,846-764-5157X7104
694,Rachel Arnold,Shelter,New James,001-087-674-1329X05614
695,Janet Newton,Individual,West Amandaport,930-590-8261
696,Kellie Hart,Charity,Changview,+1-235-589-9126X33112
697,Laura Leach,Charity,Davidtown,5465940771
698,Dawn Rodriguez Md,Charity,New Shauntown,+1-083-624-3293X3668
699,Sabrina Johnson,Charity,East Emily,001-552-124-3791
700,Kimberly Duncan,Shelter,West Monica,001-851-158-2436X740
701,Amber Arellano,Ngo,South Marymouth,+1-718-425-8787X628
702,Rebecca Chan,Charity,West Brittany,(279)707-3052
703,Mr. Jonathan Williams,Individual,Bruceburgh,(606)010-6061
704,Jason Lowe,Ngo,Sarahside,063.115.0253
705,Christopher Sellers,Charity,East Nathanstad,(570)957-6832
706,Shannon Jensen,Shelter,Lake Kevinport,001-378-570-1120X234
707,Jason Martin,Charity,New Frederickfort,001-501-877-7120X4743
708,Jacob Mendez,Individual,South Jason,(818)358-6757
709,Matthew Sanchez,Individual,New Stephanie,131.083.4622X013
710,Eric Carrillo,Shelter,Nicholsonland,001-905-007-8793X1997
711,Mark Carroll,Shelter,Lovestad,+1-762-369-5612X249
712,Laura Graham,Ngo,Mercerport,096.804.5311X455
713,Robert Moses,Shelter,Port Terry,(629)870-5299X9094
714,Adam Phelps,Individual,North Amanda,001-586-612-6376
715,Tyler Christensen,Charity,Lake Douglas,306-691-2501
716,Angela Gregory,Individual,Lake Tracytown,(817)856-6676X112
717,Jonathon Gregory,Individual,Shortfort,040-511-7461X377
718,Matthew Brown,Individual,Port Amberfurt,785-336-0978
719,Brian Oneill,Ngo,East Stephaniefort,(423)691-4227
720,Jeremiah Terry,Individual,Nicoleberg,+1-095-501-3103X762
721,Ashley Ramirez,Charity,Heatherburgh,604-382-3103
722,Deanna Owens,Ngo,South Mark,(865)410-9397
723,Lisa Kim,Individual,New Brandyhaven,+1-465-856-2095
724,Randall Ford,Shelter,East Tasha,(072)037-8421X0768
725,Edward Lopez,Ngo,New Matthewton,683-591-7229
726,Tammy Brown,Shelter,Victorton,+1-244-569-1621X3556
727,Troy Jimenez,Shelter,Port Marc,829.246.2756X7494
728,Dustin Stark,Charity,Kimberlymouth,(716)950-4574X79791
729,David Spence,Charity,Port Curtisside,+1-843-006-1807
730,Felicia Glover,Shelter,East Michael,982-844-2370
731,Jacob Scott,Charity,South Jenniferburgh,001-857-216-8483
732,Jessica Shields,Shelter,South Richard,519.092.5018X2511
733,David Fox,Individual,Longmouth,001-542-800-4782X916
734,Amanda Buchanan,Ngo,Perryton,121-718-4571X61884
735,Kyle Scott,Individual,Reedview,001-980-204-3107X974
736,Damon Schmidt,Charity,Cummingschester,001-695-722-3687X35864
737,James Brown,Shelter,Lake Catherine,(152)508-8754X91151
738,Matthew Morgan,Charity,Robertton,(535)512-2781
739,Nancy Jones,Shelter,West Bradley,806.457.8047X368
740,Denise Lucas,Charity,East Jamesmouth,006.775.8489X1702
741,Amber Burnett,Charity,Garciashire,901-355-9555
742,Matthew Webb,Charity,West David,001-998-341-9445X0465
743,Nicholas Tucker,Charity,Port Samantha,(290)071-2070
744,Matthew Deleon,Individual,Danielsview,006.940.9278X989
745,Jose Vance,Ngo,Lake Heatherberg,216.620.7837X2021
746,Kenneth Barnes,Ngo,South Lindsay,(868)434-0244
747,Vanessa Johnson,Shelter,Wilsonshire,(151)347-7079X5528
748,Bridget Williams,Charity,South Williamview,001-079-347-2416X344
749,Michael Craig,Individual,Moralesburgh,131-489-9950X8143
750,Levi Lucas,Charity,North Vanessamouth,095-763-5392X058
751,Travis Johnson,Shelter,South Edward,785-640-1614
752,Cassidy Alvarado,Individual,Leahchester,+1-825-364-4624
753,Samantha Potter,Charity,Aguilarbury,+1-541-434-4196X086
754,Michael Ford,Individual,New Sean,389-988-8452
755,Eugene Beltran,Shelter,South Samanthaburgh,001-696-616-2431X933
756,Emma Anderson,Ngo,Lake Michelle,001-369-347-5266
757,Christopher Garcia,Charity,North Danielchester,+1-837-555-5633X0883
758,Jennifer Lucero,Ngo,South Theresaberg,(386)105-5091X35748
759,Kathleen Watkins,Shelter,Hardyberg,(435)788-4119X238
760,Gina Blankenship,Shelter,Brittanyborough,001-318-721-7199X01418
761,Douglas Roberts,Shelter,Deanstad,+1-988-077-7950X039
762,Donna Chang,Ngo,East Stevenborough,9564962501
763,Karen Williamson,Shelter,Sandovalmouth,857-588-4472X78504
764,Krista Williams,Shelter,Oliverberg,4814373776
765,Joshua Hooper,Shelter,Buchananton,+1-013-463-1430X05130
766,John Reynolds,Shelter,Grahambury,001-062-085-9402X6875
767,Jordan Hart,Shelter,East Julietown,+1-161-753-6365X946
768,Mary Wilson,Charity,Lake Kimberlyton,484-336-3858X53588
769,John Warner,Shelter,Cookhaven,+1-003-320-5395
770,Jacob Gibbs,Charity,New Jesus,(806)265-1675
771,Emily Gallagher,Individual,Wagnerburgh,4916631678
772,Cassandra Yoder,Charity,Danielfurt,+1-928-766-0621X673
773,Hunter Richards,Ngo,West Victoriaberg,001-581-778-1214
774,Tracy Bass,Ngo,South Jessicaburgh,461-258-4749X956
775,Thomas Nelson,Charity,Donnamouth,+1-227-601-8962X271
776,James Thompson,Shelter,Ronaldmouth,(121)732-7913X396
777,Julie Dickerson,Shelter,Diazbury,383.138.2733X067
778,Kristie Townsend,Shelter,Melissaberg,(167)438-9582X45761
779,James Turner,Ngo,North Mallorystad,+1-700-709-7978X681
780,Jacqueline Johnson,Shelter,Jeffreyland,+1-208-657-1423X44884
781,Jason Taylor,Ngo,Reginaburgh,150-638-0354X9178
782,Timothy Burns,Charity,East Janetstad,(262)555-7560
783,Monica Phillips,Charity,New Phillipfurt,188-588-9838
784,Jill Harris,Shelter,Josephfurt,039-813-7188X11427
785,Melissa Lee,Charity,Brownport,(833)194-0479X719
786,Robert Kim,Shelter,Port Gabrielleborough,513-156-7998X53487
787,Rachel Rios,Ngo,Sarahaven,319-104-8885
788,Beth Phillips,Ngo,Zacharyview,(293)383-2279X8386
789,Laura Robertson,Ngo,Hansonfurt,616-851-6533X67759
790,Stephanie Smith,Charity,West Carrieport,001-028-411-5954X38730
791,David Kennedy,Charity,Port Caleb,001-061-612-9715X40982
792,Tamara Frey,Shelter,Deanfort,(976)168-5693X615
793,Renee Anderson,Charity,Princehaven,040.132.4956
794,Lee Nunez,Individual,Andersonfort,468.857.1870X688
795,Caitlin Cobb,Charity,North Andresport,+1-968-871-4930
796,Lisa Carroll,Ngo,South Jamesfort,+1-223-842-8919X643
797,Robert Becker,Charity,Danielland,060.756.0612
798,James Estrada,Individual,Westport,001-020-450-8542X5607
799,Adam Moore,Charity,East Josephview,+1-119-080-3260X81212
800,Anthony Garcia,Individual,Brownbury,+1-845-541-9687X513
801,Samantha Simpson,Shelter,West Meganmouth,001-030-832-3866X065
802,Lisa Cruz,Charity,Stevenmouth,(372)091-7748X36631
803,Joseph Stafford,Shelter,Lake Lindseystad,8127825617
804,Elizabeth Cochran,Ngo,Theresabury,7711350025
805,Sharon Martin,Individual,South Michelleport,885.889.2008X8858
806,James Miller,Ngo,Lisabury,+1-499-819-6868X6637
807,Taylor Miller,Ngo,Josephside,+1-022-270-5486X316
808,Pamela Finley,Individual,Harrisfurt,001-160-542-5380X55508
809,Karen Cain,Individual,East Daisybury,506-960-4185X0865
810,Cody Meyer,Ngo,Westshire,415.147.2095X47370
811,Scott Schroeder,Shelter,Markfurt,001-229-042-2531X276
812,Sabrina Klein Md,Individual,Shawhaven,071.615.4555X80217
813,Amber Hale,Individual,Comptonside,001-750-235-2728
814,Michael Petersen,Ngo,Maryside,+1-454-301-1932X97038
815,James Miller,Ngo,North Dawn,001-359-139-7284X11773
816,Jeremiah Hampton,Charity,South Sheryl,(837)048-4121
817,Victoria Torres,Charity,Martinchester,+1-624-780-9445X7755
818,Danielle Hayes,Ngo,Andreaberg,1310927379
819,Christina Lambert,Shelter,Delgadofort,637.516.9143X5014
820,Patrick Velasquez,Individual,West Jacob,606-166-7246X746
821,Jeffrey Wilson,Charity,Davisport,001-245-390-7219X847
822,Aaron Malone,Shelter,East Mark,+1-803-136-6978X6095
823,James Rose,Shelter,East Amandaberg,658-204-7743
824,Madison Myers,Shelter,Cruzland,(123)500-8333X8386
825,Charles Morris,Charity,New Olivia,(006)107-4825X44414
826,Mr. Steven Reeves Md,Individual,West Jacquelinefort,+1-263-739-4608X1451
827,John Simmons,Ngo,North Tanner,797-388-6145X650
828,Jason Mcpherson,Shelter,Michaelside,403.693.4197X409
829,Mr. Brian Fox,Charity,Scottbury,(301)316-4760X229
830,Jeffrey Cooper,Shelter,Lake Christian,001-877-245-5095
831,Samantha Ellison,Individual,New Kimberly,522.437.7292X9078
832,Kylie Young,Shelter,Ginaview,9131186244
833,Kelly Pierce,Shelter,West Josephland,370.467.1150X479
834,Renee Flynn,Individual,South Mark,093.501.8423
835,Jennifer Wright,Shelter,Lauratown,(257)556-3261X76228
836,Scott Craig,Shelter,South Lisa,118.382.6136
837,Michelle Reed,Shelter,West John,1072168815
838,Jessica Stephens,Charity,West Michaelton,358-977-8320
839,Michael Cox,Ngo,North Kelly,001-953-739-5146X845
840,Mary Anderson,Shelter,South Mirandamouth,+1-148-126-0133X15456
841,Brian Reed,Ngo,Amandaburgh,640.564.9498X1956
842,Robert Stewart,Shelter,New Laura,873-501-6244X4712
843,Glenn Anthony,Charity,Halltown,502-960-7549
844,Andrew Gray,Individual,Lake Dustin,(448)005-7192X2140
845,Adam Horton,Ngo,Ramosberg,364-423-0076X300
846,Charles Aguilar,Ngo,Johnsonchester,+1-148-261-9107X10033
847,Wesley Myers,Shelter,Meganburgh,(285)991-7532X0243
848,Terrence Wagner,Individual,Taraside,001-832-246-7583
849,Kyle Johnson,Shelter,Ellisshire,001-887-766-6073
850,Kristopher Mendoza,Individual,Bradfurt,(678)116-6339X54475
851,Christina Brown,Ngo,Wyattton,(983)034-7865
852,Jo Martinez,Charity,Port Williamtown,+1-264-342-6012X6505
853,Tanya Lowe,Charity,Crawfordchester,(677)596-9794
854,Christopher Diaz,Individual,Lorifurt,001-442-106-2480X735
855,Robert Abbott,Ngo,Collierburgh,+1-114-532-8181X037
856,Amanda Brown,Individual,New Larryshire,176.330.5060
857,Jennifer Taylor,Individual,Lake Kaylamouth,001-024-241-1359
858,Ashley Harris,Individual,Lake Stephenchester,001-680-582-4607X74285
859,Dana Williams,Charity,Cookstad,5259995693
860,James Knight,Charity,Kirkfort,+1-001-504-4343X556
861,Ashley Clark,Ngo,Poolebury,518.622.6804X900
862,Justin Martinez,Individual,New Erikamouth,697-357-7122X04253
863,Jessica Camacho,Individual,Billyland,(190)674-9988X688
864,Justin Anderson,Ngo,South Craigborough,+1-967-629-8865X504
865,Katherine Houston,Individual,Lake Joshuabury,(935)420-0196X9064
866,Jose Cooper,Shelter,Pooleside,(083)601-2157
867,Tara Williams,Individual,New Dakotahaven,7246108348
868,Kayla Erickson,Shelter,West Lindseyside,213.752.6967X0263
869,David Mendoza,Charity,North Shawnastad,001-517-864-9061X969
870,Joshua Mendoza,Charity,North Amy,(842)876-7043X953
871,Veronica Adams,Individual,Natalieside,3857123680
872,Lori Peters,Individual,Annaborough,270.652.6057X691
873,Darius Reid,Charity,Port Philipmouth,(306)939-5162
874,Danny Brown,Individual,East Shirley,829.371.2280X79605
875,Scott Smith,Individual,New Donnahaven,001-376-965-5711
876,Jeremy Robinson,Ngo,Jamesview,001-097-198-3229X7777
877,Jeffrey Stafford,Shelter,North Nicholasborough,454.460.2468X7969
878,Cory Johnson,Ngo,Port Robertmouth,(944)311-5766
879,Bridget Hill,Charity,South Emily,868-465-2331X6437
880,Kristen Foster,Shelter,North Ricardo,749.252.8592
881,Alan Riley,Ngo,Tylermouth,+1-191-620-2120X274
882,Steven Shaffer,Shelter,Rodneyport,(799)793-9460
883,Aaron Rios,Ngo,New Jeffreyhaven,543-629-4859X81093
884,Mary Evans,Shelter,North Josephmouth,248-457-5683
885,James Hardin,Individual,East Robert,716.035.6813X982
886,Amber Cruz,Shelter,Allenborough,+1-077-073-1734X206
887,Jean Woods,Shelter,Fernandezchester,+1-688-546-8304X8077
888,Matthew Davis,Charity,Birdview,1367475533
889,Holly Aguilar,Ngo,West Sara,799.506.2068
890,Joseph Whitaker,Ngo,Jamesborough,001-059-271-8576
891,Thomas Myers,Shelter,North Haleyhaven,579-856-5722
892,Brian Hardy,Ngo,Lake Williamhaven,(062)642-7542X67155
893,Carrie Hess,Charity,Jarvisshire,+1-828-067-9673X188
894,Tammy Fletcher,Charity,New Adrian,219-550-2711
895,Ms. Deborah Campos,Individual,West Barry,001-579-948-5058
896,Jennifer Smith,Shelter,Josephton,179-728-0744
897,Shelby Rice,Shelter,New Loriberg,+1-213-470-2112X7474
898,Emily Ramos,Shelter,East Michaelview,033-795-7197X362
899,Rachel Pena,Ngo,Grossport,(523)668-5935X836
900,Hannah Reynolds,Charity,East Kevinberg,731-040-5330X77836
901,Donald Caldwell,Shelter,Dawsonberg,001-191-071-2217X6177
902,Michelle Riley,Ngo,New Juliaton,001-012-497-9466X8873
903,Cindy Robinson Dds,Shelter,Franklinview,4186239588
904,Amanda Kline,Shelter,East Travis,001-265-376-3204X275
905,Ann Odonnell,Charity,East Michael,(926)345-7660X29567
906,Christopher Gonzalez,Shelter,Payneland,+1-510-241-2999X765
907,Jamie Jenkins,Ngo,New Melanie,001-676-903-9528X783
908,Abigail Crawford,Ngo,Lake Shawn,(010)152-8668
909,Matthew Cordova,Ngo,Rubioborough,001-905-589-8944X09730
910,Tina Donaldson,Shelter,Lake Brandibury,736-446-4714
911,Devon Martinez,Individual,Jessicaland,(861)258-2469X860
912,Katelyn Proctor,Charity,Williamsborough,001-949-271-7461X8101
913,Jeffrey Jones,Ngo,Kennethmouth,2972292136
914,Jeffrey Walker,Individual,Woodardview,0284721603
915,Deborah Garza,Shelter,South Alanville,695-589-2656
916,Lindsey Mathis,Shelter,Ianland,816.558.5061
917,Michael Townsend,Shelter,East Kevin,034.803.8502X33851
918,Katrina Cruz,Charity,Jenkinsfurt,709-191-5616X88772
919,Sarah Brown,Shelter,North Christina,001-119-880-7367X9899
920,Gregory Rodriguez,Charity,West Davidview,671.667.1616
921,Kelly Walls,Individual,Lake Victoriaton,857-517-5280
922,Savannah Holland,Individual,Kelleystad,4876887575
923,Victor Diaz,Shelter,Darinview,561.923.0470X922
924,Sarah Roberts,Shelter,North Janetland,001-513-459-3188X9757
925,Cassidy Davis,Individual,West Donaldmouth,001-815-359-4471
926,Kimberly Ware,Individual,East Sheriton,001-078-266-0266
927,Mary Escobar,Individual,Gloriaview,(663)863-6846X9153
928,Barbara Richards,Charity,Carlostown,524-811-9365X51761
929,Donna Terry,Charity,Mathistown,(104)858-7570
930,Joseph Smith,Shelter,Dunnbury,909.913.1799
931,Rhonda Lewis,Individual,South Michael,001-068-151-1254X26821
932,Justin Stevens,Charity,South Mary,001-756-051-1371X9827
933,Jodi Lee,Ngo,West Paulfort,3517962649
934,Dr. Wendy Terrell,Charity,Erikashire,566-236-8791
935,John Harris,Ngo,Riverafort,+1-827-545-0294X5697
936,Jacob Horton,Ngo,Port Douglasland,+1-286-744-5283X04031
937,Mark Ward,Ngo,Port Jonathanton,0384311430
938,Matthew Thornton,Ngo,Hayesfort,1084069823
939,Chad Vaughn,Charity,Lake Brandonborough,(565)199-2977X36531
940,Lynn Lucas,Charity,Elizabethberg,689-129-0146
941,Jessica Boyd,Ngo,South Heather,001-758-410-5626X844
942,Earl Hess,Charity,Rodneyborough,(009)175-1556
943,Rebecca Lucas,Charity,New Jessicabury,721.446.3873X3399
944,Sharon Wood,Charity,New Melindashire,5282176863
945,Alex Leon,Individual,Caitlynhaven,(667)114-0630X55873
946,Taylor Mann,Charity,North Lawrence,001-766-748-2534X468
947,Debra Webster,Charity,East Debramouth,(930)291-9053X13757
948,Thomas Castaneda,Ngo,West Ashleymouth,182.504.4729X4296
949,Allison Pennington,Individual,North Lydiaberg,+1-586-713-6798
950,Caitlin Bennett,Ngo,Delacruzborough,(351)050-3132X9588
951,Brittany Mcclain,Individual,Robertville,(811)036-2093X7533
952,Sarah Morgan,Charity,Gilbertfurt,+1-630-809-8000
953,Tina Anderson,Charity,Port Jonathanhaven,102-168-5649
954,Mark Russell,Ngo,Nathanstad,(381)175-3680
955,Christopher Wong,Charity,Jacquelineshire,(745)135-7397
956,Jacqueline Fernandez,Charity,Kennethside,+1-573-412-8522X8213
957,Angela Hall,Charity,Greenville,2576243615
958,Scott Brown,Individual,Oneillland,001-879-448-7571X7987
959,Samantha Gomez,Charity,Suzanneton,001-955-495-8534X09912
960,Jason Hughes,Shelter,Myerstown,851-627-0395X00955
961,Tyler Gray,Ngo,West Dustinberg,(374)850-8848
962,Donald Anderson,Shelter,North Stephanieborough,+1-224-951-1888X539
963,Victor Ward,Ngo,Johnhaven,628-048-2026X3385
964,Donald Moore,Individual,Davisfort,001-742-164-8768X9906
965,Ashley Silva,Ngo,Port Thomas,(553)048-3123X8350
966,Sheila Lang,Ngo,Lake Larryborough,001-585-286-2289
967,Samantha Sherman,Individual,Port Cindyberg,(659)277-6748X37772
968,Mr. Joseph Herring,Individual,Mariefurt,839.044.2094
969,Leon Foster,Ngo,Bennettton,198-936-9076
970,Brandon Rice,Shelter,South Benjamin,+1-563-122-2255
971,Teresa Estrada,Individual,Mayburgh,320-778-4104
972,Patricia Joseph,Individual,Lauraport,611-927-6696X43169
973,Brian Johnson,Ngo,Patrickfort,001-751-479-5501X9929
974,Mark Miller,Ngo,North Joshua,011.361.1154X694
975,Danielle Bullock,Individual,Amandafurt,(888)253-9476X2056
976,Tammy Patrick,Individual,Clarkton,001-671-552-9014X817
977,Pamela Scott,Charity,South Paul,310-642-0442
978,Adam Evans,Individual,Lake Sonya,484-398-0067X44415
979,Rebecca Wright,Charity,Teresastad,+1-707-387-4410X419
980,Elizabeth Fisher,Shelter,Carrborough,(298)908-3776X9550
981,Dawn Jennings,Shelter,Port Cody,085-759-6512X5392
982,Thomas Villanueva,Ngo,Gutierrezmouth,001-338-603-9644
983,Joanna Black,Ngo,North Jacobhaven,781.950.5825
984,Steve Kirby,Charity,Travishaven,815.195.8711X59256
985,Thomas Sanchez,Ngo,Rodneyfurt,231.592.1072X512
986,Rita Kane,Shelter,South Jamie,+1-347-306-2056
987,Becky Smith,Shelter,East Renee,7907087489
988,Kristi Rodriguez,Charity,Nielsenberg,349.864.5409X08379
989,Timothy Bradshaw,Individual,North Laura,451-260-5312
990,Patricia Hardy,Shelter,Thomasport,076.687.3532X03467
991,Lindsey Wagner,Shelter,Jessicaburgh,(401)052-7584
992,James Curry,Individual,Port Johnside,(223)043-8999X392
993,Alexis Hayes,Shelter,Matthewmouth,543-812-0534X6473
994,Angelica Simmons,Ngo,Port Kellifort,(902)942-8232
995,Brittany Taylor,Individual,Andrewsport,296-568-7106X4981
996,Matthew Curtis,Shelter,Lanechester,127-889-4442X1289
997,Amanda Cain,Ngo,New Steven,+1-001-491-5601X5316
998,Theodore Briggs,Individual,South Sandra,930-609-9442X5031
999,Cheyenne Ramsey,Ngo,Lake Jeffery,001-326-320-4816X15300
1000,April Miller,Shelter,Shelbychester,894-873-2652X23999
